S.No,Title,Short Name,Organiser,Type,Eligibility (Class),Reg. Opens,Reg. Closes,Exam / Event Date,Results,Fee,Prizes / Awards,Registration Process,Official Website,Level,Pathway / Stage,Short Description,Tags,Confidence,Myark Slug
1,National Standard Examination in Physics (NSEP),NSEP,IAPT / HBCSE TIFR,Science Olympiad,Class 11–12,Aug 2026,Sep 14 2026,Nov 22 2026,Dec 2026,₹200 approx,"Medals, certificates; qualifies to INPhO","Through school or IAPT registered centre. Register at iapt.net.in. Pay fee online. School must be registered first. No individual registration allowed.",iapt.net.in / olympiads.hbcse.tifr.res.in,National → International,Stage 1 of 5 (NSE → INO → OCSC → PDC → IPhO),First stage of the HBCSE Physics Olympiad pathway. Tests Class 11–12 Physics plus advanced topics. Top performers qualify for INPhO and eventually represent India at the International Physics Olympiad (IPhO).,"physics, science, olympiad, class 11-12, HBCSE, IAPT, national",10/10,national-standard-examination-physics-nsep-2026
2,National Standard Examination in Chemistry (NSEC),NSEC,IAPT / HBCSE TIFR,Science Olympiad,Class 11–12,Aug 2026,Sep 14 2026,Nov 22 2026,Dec 2026,₹200 approx,"Medals, certificates; qualifies to INChO","Through school or IAPT registered centre. Register at iapt.net.in. School must be registered first.",iapt.net.in / olympiads.hbcse.tifr.res.in,National → International,Stage 1 of 5 (NSE → INO → OCSC → PDC → IChO),First stage of HBCSE Chemistry Olympiad pathway. Tests Physical Organic and Inorganic Chemistry beyond Class 12. Top performers represent India at IChO.,"chemistry, science, olympiad, class 11-12, HBCSE, IAPT, national",10/10,national-standard-examination-chemistry-nsec-2026
3,National Standard Examination in Biology (NSEB),NSEB,IAPT / HBCSE TIFR,Science Olympiad,Class 11–12,Aug 2026,Sep 14 2026,Nov 22 2026,Dec 2026,₹200 approx,"Medals, certificates; qualifies to INBO","Through school or IAPT registered centre. Register at iapt.net.in.",iapt.net.in / olympiads.hbcse.tifr.res.in,National → International,Stage 1 of 5 (NSE → INBO → OCSC → PDC → IBO),First stage of HBCSE Biology Olympiad. Tests Cell Biology Genetics Ecology Human Physiology. Top performers represent India at IBO — International Biology Olympiad.,"biology, science, olympiad, class 11-12, HBCSE, IAPT, national",10/10,national-standard-examination-biology-nseb-2026
4,National Standard Examination in Astronomy (NSEA),NSEA,IAPT / HBCSE TIFR,Astronomy Olympiad,"Class 10–12 (DOB Jul 1 2006 – Jun 30 2011)",Aug 21 2026,Sep 14 2026,Nov 22 2026,Dec 2026,₹200 approx,"Medals, national recognition; qualifies to INAO","Through school or IAPT registered centre. Register at iapt.net.in. Must not appear in NSEJS in same year.",iapt.net.in / olympiads.hbcse.tifr.res.in,National → International,Stage 1 of 5 (NSEA → INAO → OCSC → PDC → IOAA),First stage of HBCSE Astronomy Olympiad. Tests Physics Mathematics and elementary Astronomy at Class 12 level. Top 4 students represent India at IOAA.,"astronomy, astrophysics, science, olympiad, class 10-12, HBCSE, IAPT, national, IOAA",10/10,national-standard-examination-astronomy-nsea-2026
5,National Standard Examination in Junior Science (NSEJS),NSEJS,IAPT / HBCSE TIFR,Science Olympiad,"Class 8–10 (below 15 years on Dec 31 2026)",Aug 21 2026,Sep 14 2026,Nov 2026,Dec 2026,₹200 approx,"Medals, certificates; qualifies to INJSO","Through school or IAPT registered centre. Cannot appear in NSEA/NSEP/NSEC/NSEB in same year.",iapt.net.in / olympiads.hbcse.tifr.res.in,National → International,Stage 1 of 5 (NSEJS → INJSO → OCSC → PDC → IJSO),First stage for IJSO pathway. For students up to Class 10. Physics Chemistry Biology combined. Qualifiers proceed to INJSO then represent India at IJSO.,"science, junior, olympiad, class 8-10, HBCSE, IAPT, national, IJSO",10/10,national-standard-examination-junior-science-nsejs-2026
6,Indian Olympiad Qualifier in Mathematics (IOQM),IOQM,MTA / HBCSE / TIFR,Mathematics Olympiad,"Class 8–12, Indian students",Jun 30 2026,Jul 25 2026,Sep 2026,Oct 2026,₹200 approx,"Qualifies to RMO; top 6 represent India at IMO","Individual registration at ioqmexam.in or through school/KV/JNV. School centre registration from June 9. Individual online from June 30.",ioqmexam.in / olympiads.hbcse.tifr.res.in,National → International,Stage 1 of 5 (IOQM → RMO → INMO → IMOTC → IMO),First stage of International Mathematical Olympiad selection for India. 30-question 3-hour paper. Top performers qualify for RMO then INMO. Top 6 represent India at IMO.,"mathematics, olympiad, class 8-12, HBCSE, MTA, national, IMO, INMO, RMO",10/10,indian-olympiad-qualifier-mathematics-ioqm-2026
7,Regional Mathematical Olympiad (RMO),RMO,HBCSE / MTA,Mathematics Olympiad,"Class 8–12 (IOQM qualifiers only)",Auto from IOQM,Auto selection,Nov 2026,Dec 2026,Nil (covered by IOQM),Qualifies to INMO,Automatic selection based on IOQM performance. Region-wise examination. No separate registration required.,olympiads.hbcse.tifr.res.in,Regional → National,Stage 2 of 5 (IOQM → RMO → INMO → IMOTC → IMO),Second stage of IMO selection. 6 proof-based problems over 3 hours. Top students from each region qualify for INMO — the national final.,"mathematics, olympiad, class 8-12, HBCSE, national, IMO, RMO, regional",10/10,regional-mathematical-olympiad-rmo-2026
8,Indian National Mathematical Olympiad (INMO),INMO,HBCSE / MTA,Mathematics Olympiad,"Class 8–12 (RMO qualifiers only)",Auto from RMO,Auto selection,Jan 2027,Feb 2027,Nil,INMO certificate; top 6 to IMOTC and IMO team,Automatic selection from RMO. No separate registration.,olympiads.hbcse.tifr.res.in,National → International,Stage 3 of 5 (IOQM → RMO → INMO → IMOTC → IMO),National final of Mathematical Olympiad. Extremely challenging proof-based problems over 4 hours. Top 30–50 selected for IMOTC. Top 6 represent India at IMO.,"mathematics, olympiad, class 8-12, HBCSE, national, IMO, INMO",10/10,indian-national-mathematical-olympiad-inmo-2026
9,Indian National Physics Olympiad (INPhO),INPhO,HBCSE TIFR,Physics Olympiad,NSEP qualifiers only,Auto from NSEP,Auto selection,Jan/Feb 2027,Feb 2027,Nil,"Medal; top 35 to OCSC; top 5 represent India at IPhO","Automatic selection based on NSEP performance. Conducted at designated HBCSE centres.",olympiads.hbcse.tifr.res.in,National → International,Stage 2 of 5 (NSEP → INPhO → OCSC → PDC → IPhO),Second stage of IPhO selection. Rigorous theoretical and experimental exam. Top 35 attend OCSC at HBCSE Mumbai. Top 5 represent India at IPhO.,"physics, olympiad, class 11-12, HBCSE, national, IPhO, INPhO",10/10,indian-national-physics-olympiad-inpho-2027
10,Indian National Chemistry Olympiad (INChO),INChO,HBCSE TIFR,Chemistry Olympiad,NSEC qualifiers only,Auto from NSEC,Auto selection,Jan/Feb 2027,Feb 2027,Nil,"Medal; top 35 to OCSC; top 4 represent India at IChO","Automatic selection from NSEC. No separate registration.",olympiads.hbcse.tifr.res.in,National → International,Stage 2 of 5 (NSEC → INChO → OCSC → PDC → IChO),Second stage of IChO selection. Theoretical and lab-based exam. Top performers attend OCSC at HBCSE. Top 4 represent India at International Chemistry Olympiad.,"chemistry, olympiad, class 11-12, HBCSE, national, IChO, INChO",10/10,indian-national-chemistry-olympiad-incho-2027
11,Indian National Junior Science Olympiad (INJSO),INJSO,IAPT / HBCSE TIFR,Junior Science Olympiad,NSEJS qualifiers only,Auto from NSEJS,Auto selection,Jan/Feb 2027,Feb 2027,Nil,"Medal; top 6 represent India at IJSO","Automatic from NSEJS. Conducted by IAPT at designated centres.",iapt.net.in / olympiads.hbcse.tifr.res.in,National → International,Stage 2 of 5 (NSEJS → INJSO → OCSC → PDC → IJSO),Second stage of IJSO selection. Physics Chemistry Biology combined for Class 10. Top performers represent India at IJSO.,"junior science, olympiad, class 8-10, HBCSE, IAPT, national, IJSO",10/10,indian-national-junior-science-olympiad-injso-2027
12,Indian National Astronomy Olympiad (INAO),INAO,HBCSE TIFR,Astronomy Olympiad,NSEA qualifiers only,Auto from NSEA,Auto selection,Jan/Feb 2027,Feb 2027,Nil,"Medal; top 4 represent India at IOAA","Automatic selection from NSEA. No separate registration.",olympiads.hbcse.tifr.res.in,National → International,Stage 2 of 5 (NSEA → INAO → OCSC → PDC → IOAA),Second stage of IOAA selection. Theoretical astronomy and astrophysics. Top 4 represent India at International Olympiad on Astronomy and Astrophysics.,"astronomy, astrophysics, olympiad, class 10-12, HBCSE, national, IOAA, INAO",10/10,indian-national-astronomy-olympiad-inao-2027
13,International Mathematical Olympiad — World,IMO World,IMO Board / Shanghai China 2026,Mathematics Olympiad,Top 6 from IMOTC — represent India,N/A (national selection),N/A,Jul 2026 (Shanghai),Jul 2026,Nil (government funded),"Gold, Silver, Bronze medals; international recognition",National selection only. Qualify through IOQM → RMO → INMO → IMOTC. Top 6 represent India.,imo-official.org,International,Stage 5 of 5 (final — represent India),Most prestigious maths competition in the world for high school students. Two-day exam with six proof-based problems. India has won multiple medals. Selection pathway: IOQM → RMO → INMO → IMOTC → IMO.,"mathematics, olympiad, international, class 11-12, IMO, world, gold medal",10/10,international-mathematical-olympiad-imo-world-2026
14,International Physics Olympiad — World,IPhO,IPhO / HBCSE India team,Physics Olympiad,Top 5 from OCSC Physics — represent India,N/A,N/A,Jul 2026,Jul 2026,Nil,"Gold, Silver, Bronze medals; international recognition","National selection through NSEP → INPhO → OCSC. Top 5 represent India. No direct registration.",ipho-new.org,International,Stage 5 of 5,World championship in Physics for high school students. Theoretical and experimental components. India consistently medals. Pathway: NSEP → INPhO → OCSC → PDC → IPhO.,"physics, olympiad, international, class 11-12, IPhO, world, gold medal",10/10,international-physics-olympiad-ipho-world-2026
15,International Chemistry Olympiad — World,IChO,IChO / HBCSE India team,Chemistry Olympiad,Top 4 from OCSC Chemistry — represent India,N/A,N/A,Jul 2026,Jul 2026,Nil,"Gold, Silver, Bronze medals","National selection through NSEC → INChO → OCSC. No direct registration.",icho-official.org,International,Stage 5 of 5,World championship in Chemistry. Theoretical (5 hours) and practical (5 hours) components. India has won multiple medals. Pathway: NSEC → INChO → OCSC → PDC → IChO.,"chemistry, olympiad, international, class 11-12, IChO, world, gold medal",10/10,international-chemistry-olympiad-icho-world-2026
16,International Biology Olympiad — World,IBO,IBO / HBCSE India team,Biology Olympiad,Top 4 from OCSC Biology — represent India,N/A,N/A,Jul 2026,Jul 2026,Nil,"Gold, Silver, Bronze medals","National selection through NSEB → INBO → OCSC. No direct registration.",ibo-info.org,International,Stage 5 of 5,World championship in Biology. Tests Cell Biology Anatomy Physiology Genetics Ecology Biosystematics. Pathway: NSEB → INBO → OCSC → PDC → IBO.,"biology, olympiad, international, class 11-12, IBO, world, gold medal",10/10,international-biology-olympiad-ibo-world-2026
17,International Junior Science Olympiad — World,IJSO,IJSO / HBCSE India team,Junior Science Olympiad,Top 6 from OCSC Junior Science — represent India,N/A,N/A,Dec 2026,Dec 2026,Nil,"Gold, Silver, Bronze medals","National selection through NSEJS → INJSO → OCSC. No direct registration.",ijsoweb.org,International,Stage 5 of 5,World championship in science for students below 15 years. Physics Chemistry Biology combined. India consistently wins medals. Pathway: NSEJS → INJSO → OCSC → PDC → IJSO.,"junior science, olympiad, international, class 8-10, IJSO, world, gold medal",10/10,international-junior-science-olympiad-ijso-world-2026
18,International Olympiad on Astronomy and Astrophysics (IOAA),IOAA,IOAA / HBCSE India team,Astronomy Olympiad,Top 4 from OCSC Astronomy — represent India,N/A,N/A,Aug 2026,Aug 2026,Nil,"Gold, Silver, Bronze medals","National selection through NSEA → INAO → OCSC. No direct registration.",ioaastrophysics.org,International,Stage 5 of 5,World championship in Astronomy and Astrophysics. Theoretical data analysis and observational components. Pathway: NSEA → INAO → OCSC → PDC → IOAA.,"astronomy, astrophysics, olympiad, international, class 10-12, IOAA, world",10/10,international-olympiad-astronomy-astrophysics-ioaa-2026
19,International Olympiad in Informatics — World,IOI,IOI / IARCS India team,Computing Olympiad,Top 4 from IOAI — represent India,N/A,N/A,Aug 2026,Aug 2026,Nil,"Gold, Silver, Bronze medals","National selection through ZCO → ZIO → INOI → IOAI. Qualifying exams conducted by IARCS at iarcs.org.in.",ioinformatics.org,International,Stage 5 of 5,World championship in competitive programming and algorithms. Two 5-hour sessions with algorithmic problems. India qualifies through IARCS: ZCO/ZIO → INOI → IOAI → IOI.,"informatics, programming, coding, olympiad, international, class 8-12, IOI, world, IARCS",10/10,international-olympiad-informatics-ioi-world-2026
20,International Earth Science Olympiad (IESO),IESO,IESO / GSI India team,Earth Science Olympiad,School students — national selection,N/A,N/A,Aug 2026,Aug 2026,Nil,"Gold, Silver, Bronze medals","National selection by Geological Survey of India (GSI) with HBCSE. Check GSI website for selection schedule.",ieso-info.org / gsi.gov.in,International,Multi-stage national selection,World championship in Earth Sciences covering geology oceanography meteorology and astronomy. India sends 4 students after national selection by GSI.,"earth science, geology, olympiad, international, class 10-12, IESO, world",8/10,international-earth-science-olympiad-ieso-2026
21,SOF International Mathematics Olympiad (IMO),SOF IMO,Science Olympiad Foundation (SOF),"Mathematics Olympiad","Class 1–12, all boards",Apr–May 2026,30 days before exam,"Oct 23 / Nov 26 / Dec 10 2026 (school chooses)",Feb 2027,₹125 per student + up to ₹25 school admin,"Gold/Silver/Bronze medals, certificates, scholarships up to ₹50000, international ranking","Through school only. No individual registration. School downloads form from sofworld.org. School selects one exam date from three options.",sofworld.org/imo,School → Zonal → International,2-level exam (Level 1 at school; Level 2 for top performers),India's most popular maths olympiad. 99000+ schools millions of students. Two levels — Level 1 at school Level 2 national. Tests mathematical reasoning at class level plus higher-order thinking.,"mathematics, olympiad, SOF, class 1-12, school, national, international ranking",10/10,sof-international-mathematics-olympiad-imo-2026
22,SOF National Science Olympiad (NSO),SOF NSO,Science Olympiad Foundation (SOF),Science Olympiad,"Class 1–12, all boards",Apr–May 2026,30 days before exam,"Oct 30 / Nov 19 / Dec 3 2026 (school chooses)",Feb 2027,₹125 per student,"Gold/Silver/Bronze medals, certificates, scholarships, international ranking","Through school only. School registers at sofworld.org. Chooses one date from three options.",sofworld.org/nso,School → Zonal → International,2-level exam (Level 1 and Level 2),India's largest school science olympiad by SOF. Tests Science concepts at class level plus higher-order thinking. Millions of students annually. Two levels.,"science, olympiad, SOF, class 1-12, school, national, international ranking",10/10,sof-national-science-olympiad-nso-2026
23,SOF International English Olympiad (IEO),SOF IEO,Science Olympiad Foundation (SOF) + British Council,English Olympiad,"Class 1–12, all boards",Apr–May 2026,30 days before exam,"Sep 30 / Oct 27 / Nov 17 2026 (school chooses)",Jan 2027,₹125 per student,"Gold/Silver/Bronze medals, certificates, British Council endorsement, scholarships","Through school only. School registers at sofworld.org. Earliest SOF exam — starts September.",sofworld.org/ieo,School → Zonal → International,2-level exam,English language olympiad by SOF in partnership with British Council. Tests grammar vocabulary reading comprehension. Earliest SOF exam in the year.,"english, olympiad, SOF, British Council, class 1-12, school, language",10/10,sof-international-english-olympiad-ieo-2026
24,SOF International General Knowledge Olympiad (IGKO),SOF IGKO,Science Olympiad Foundation (SOF),GK Olympiad,"Class 1–10",Apr–May 2026,30 days before exam,"Sep 25 / Oct 8 / Nov 7 2026",Dec 2026,₹125 per student,"Medals, certificates, trophies, school ranking","Through school only. Single-level exam. No Level 2.",sofworld.org/igko,School → Zonal → International,Single level exam,GK olympiad by SOF for Class 1–10. Tests current affairs history geography sports science achievements. One of SOF's earliest exams — begins September.,"GK, general knowledge, olympiad, SOF, class 1-10, school, current affairs",10/10,sof-international-general-knowledge-olympiad-igko-2026
25,SOF International Computer Science Olympiad (ICSO),SOF ICSO,Science Olympiad Foundation (SOF),Computer Science Olympiad,"Class 1–12",Apr–May 2026,30 days before exam,"Sep 24 / Oct 9 / Jan 22 2027",Mar 2027,₹125 per student,"Medals, certificates, school ranking","Through school only. Single-level exam. Previously known as NCO.",sofworld.org/icso,School → Zonal → International,Single level,Computer science olympiad by SOF. Tests programming concepts logical reasoning IT fundamentals cyber awareness. Renamed from NCO (National Cyber Olympiad) to ICSO.,"computer science, coding, cyber, olympiad, SOF, class 1-12, school",10/10,sof-international-computer-science-olympiad-icso-2026
26,SOF International Social Studies Olympiad (ISSO),SOF ISSO,Science Olympiad Foundation (SOF),Social Studies Olympiad,"Class 1–10",Apr–May 2026,30 days before exam,"Sep 18 / Nov 20 / Jan 23 2027",Mar 2027,₹125 per student,"Medals, certificates, school ranking","Through school only. Single-level exam. Earliest SOF date starts September.",sofworld.org,School → Zonal → International,Single level,Social Studies olympiad by SOF covering History Geography Civics Economics. Class 1–10. One of SOF's earliest exam dates.,"social studies, history, geography, olympiad, SOF, class 1-10, school",9/10,sof-international-social-studies-olympiad-isso-2026
27,SOF International Commerce Olympiad (ICO),SOF ICO,Science Olympiad Foundation (SOF),Commerce Olympiad,"Class 11–12 (Commerce stream only)",Apr–May 2026,30 days before exam,"Sep 18 / Nov 7 2026",Jan 2027,₹125 per student,"Medals, certificates, school ranking","Through school only. Single-level. Commerce stream students only.",sofworld.org,School → Zonal → International,Single level,The only national olympiad specifically for Commerce stream students in Class 11–12. Tests Accountancy Economics Business Studies.,"commerce, accountancy, economics, olympiad, SOF, class 11-12, school, commerce stream",9/10,sof-international-commerce-olympiad-ico-2026
28,SOF International Hindi Olympiad (IHO),SOF IHO,Science Olympiad Foundation (SOF),Hindi Language Olympiad,"Class 1–12",Apr–May 2026,30 days before exam,"Sep 18 / Nov 7 2026",Jan 2027,₹125 per student,"Medals, certificates, school ranking","Through school only. Single-level. The only national olympiad in Hindi language.",sofworld.org,School → Zonal,Single level,Hindi language olympiad by SOF. Tests reading comprehension grammar vocabulary and literary awareness in Hindi. The only national olympiad in Hindi for school students.,"hindi, language, olympiad, SOF, class 1-12, school, hindi medium",9/10,sof-international-hindi-olympiad-iho-2026
29,Silverzone International Olympiad of Mathematics (iOM),Silverzone iOM,Silverzone Foundation,Mathematics Olympiad,"Class 1–12",May–Jun 2026,Aug 2026,Oct–Nov 2026,Jan 2027,₹225 per student,"Gold/Silver/Bronze medals, cash prizes, certificates, scholarships","Through school or individual online registration at silverzone.org. Individual registration is key differentiator from SOF.",silverzone.org,School → Zonal → National → International,2-level exam,Mathematics olympiad by Silverzone. Allows individual student registration unlike SOF. Tests Logical Reasoning Mathematical Reasoning and Everyday Mathematics.,"mathematics, olympiad, Silverzone, class 1-12, school, individual registration",9/10,silverzone-international-olympiad-mathematics-iom-2026
30,Silverzone International Olympiad of Science (iOS),Silverzone iOS,Silverzone Foundation,Science Olympiad,"Class 1–12",May–Jun 2026,Aug 2026,Oct–Nov 2026,Jan 2027,₹225 per student,"Gold/Silver/Bronze medals, cash prizes, certificates","Through school or individual online registration at silverzone.org.",silverzone.org,School → Zonal → National,2-level exam,Science olympiad by Silverzone. Individual registration available making it accessible to students whose schools aren't registered. Tests Physics Chemistry Biology at class level.,"science, olympiad, Silverzone, class 1-12, school, individual registration",9/10,silverzone-international-olympiad-science-ios-2026
31,Silverzone International Olympiad of English Language (iOEL),Silverzone iOEL,Silverzone Foundation,English Olympiad,"Class 1–12",May–Jun 2026,Aug 2026,Oct–Nov 2026,Jan 2027,₹225 per student,"Medals, certificates, scholarships","Through school or individual registration at silverzone.org.",silverzone.org,School → Zonal → National,2-level exam,English language olympiad by Silverzone. Tests English grammar vocabulary reading skills. Individual registration available for students whose schools are not Silverzone registered.,"english, language, olympiad, Silverzone, class 1-12, school",9/10,silverzone-international-olympiad-english-ioel-2026
32,Unified Cyber Olympiad (UCO),UCO,Unified Council,Computer / Cyber Olympiad,"Class 3–10",May 2026,Aug 2026,Oct–Nov 2026,Jan 2027,₹150 per student,"Gold/Silver/Bronze medals, certificates, cash prizes, scholarships","Through school or individual registration at unifiedcouncil.com.",unifiedcouncil.com,School → State → National,Single level with state/national rankings,Computer and cyber awareness olympiad by Unified Council. Tests computer fundamentals programming basics logical reasoning cyber safety. Good beginner olympiad for younger students.,"computer, cyber, olympiad, Unified Council, class 3-10, school",9/10,unified-cyber-olympiad-uco-2026
33,National Level Science Talent Search Exam (NSTSE),NSTSE,Unified Council,Science Talent Search,"Class 2–12",May 2026,Sep 2026,Nov–Dec 2026,Feb 2027,₹150 per student,"Gold/Silver/Bronze medals, certificates, cash prizes, scholarships up to ₹1 Lakh; diagnostic report for every student","Through school or individual registration at unifiedcouncil.com. Every student gets a detailed diagnostic report of strengths and weaknesses.",unifiedcouncil.com/about-nstse.html,School → State → National,Single level — diagnostic tool + competition,Diagnostic science and maths talent search by Unified Council. Every student gets a detailed report showing strengths and weaknesses. Maths + Science integrated test. Good for Class 2–8.,"science, maths, talent search, NSTSE, Unified Council, class 2-12, diagnostic, school",9/10,national-level-science-talent-search-exam-nstse-2026
34,Unified International English Olympiad (UIEO),UIEO,Unified Council,English Olympiad,"Class 1–10",May 2026,Aug 2026,Oct–Nov 2026,Jan 2027,₹150 per student,"Medals, certificates, cash prizes","Through school or individual at unifiedcouncil.com.",unifiedcouncil.com,School → National,Single level,English language olympiad by Unified Council for Class 1–10. Tests reading comprehension grammar vocabulary. Individual registration available.,"english, language, olympiad, Unified Council, class 1-10, school",8/10,unified-international-english-olympiad-uieo-2026
35,Unified International Mathematics Olympiad (UIMO),UIMO,Unified Council,Mathematics Olympiad,"Class 1–10",May 2026,Aug 2026,Oct–Nov 2026,Jan 2027,₹150 per student,"Medals, certificates, cash prizes","Through school or individual at unifiedcouncil.com.",unifiedcouncil.com,School → National,Single level,Mathematics olympiad by Unified Council for Class 1–10. Individual registration available — accessible to all students regardless of school registration.,"mathematics, olympiad, Unified Council, class 1-10, school, individual registration",8/10,unified-international-mathematics-olympiad-uimo-2026
36,Indian Talent Olympiad — Full Suite (8 subjects),ITO,Indian Talent Olympiad,Multi-subject Olympiad,"Class 1–10, all boards",Monthly rolling,Monthly rolling,"Monthly online exams + Annual exam Nov–Dec 2026","Within 3 days of online / Feb 2027 for annual",₹200 per subject,"Weekly cash prizes, scholarships, gold/silver/bronze medals, trophy for Rank 1","Individual online registration at indiantalent.org. No school needed. Appear from home. 8 subjects: Maths Science English GK Computer Drawing Essay Social Studies.",indiantalent.org,School → National,Monthly online + Annual offline exam,"India's most accessible olympiad — individual registration appear from home monthly exams. 8 subject olympiads. Very popular Class 1–8. Unique: weekly cash prizes to top performers throughout the year.","maths, science, english, GK, computer, art, olympiad, ITO, class 1-10, online, individual, monthly",9/10,indian-talent-olympiad-ito-2026
37,CREST Mathematics Olympiad (CMO),CREST CMO,CREST Olympiads,Mathematics Olympiad,"Class 1–10",Jun–Jul 2026,Oct 2026,"Nov–Jan 2026–27 (student chooses date and time)","3 days after exam",₹300–₹350 per subject,"Gold/Silver/Bronze medals, certificates, cash scholarships","Individual online registration at crestolympiads.com. Student selects preferred exam date and time. Fully online from home. Results in 3 days — fastest of any olympiad.",crestolympiads.com,National → International ranking,Single level (no Level 2),Most flexible olympiad — fully online from home student chooses exam date results in 3 days. Also offers Science English Reasoning Cyber GK olympiads in same format.,"mathematics, olympiad, CREST, class 1-10, online, flexible, individual, home-based",9/10,crest-mathematics-olympiad-cmo-2026
38,SASMO — Singapore and Asian Schools Math Olympiad,SASMO,Singapore International Math Contests Centre (SIMCC),"Mathematics Olympiad","Class 1–12 (Grade 1–13)",Dec 2025,Mar 25 2026,"Apr 5 2026 (online individual) / Apr 2–3 (school paper)",Apr–May 2026,₹1800 (India),"Perfect Score Award ($100 voucher), Gold (top 8%), Silver (12%), Bronze (20%), medals, certificates; top performers invited to SIMOC global finals in Singapore","Individual registration at sasmo.com.sg or through SIMCC India partner. Pay online. Student appears online from home. School paper option also available.",sasmo.com.sg,International (42+ countries),Single level + top performers invited to SIMOC finals in Singapore,"Asia's largest international maths competition with 66000+ participants from 42 countries. Focuses on higher-order thinking beyond textbook maths. Top performers invited to Singapore for SIMOC global finals. Deadline March 2026.","mathematics, olympiad, SASMO, international, Singapore, class 1-12, higher order thinking, SIMOC",10/10,sasmo-singapore-asian-schools-math-olympiad-2026
39,National Mathematics Talent Contest (NMTC),NMTC,Association of Mathematics Teachers of India (AMTI),Mathematics Olympiad,"Class 3–12 (5 levels: Primary Sub-Junior Junior Inter Senior)",May–Jun 2026,Aug 2026,"Sep 2026 (Preliminary) / Nov 2026 (Final)",Dec 2026,₹60–₹150 per student,"NMTC medallists certificates books; national recognition for finalists","Through school or registered AMTI centre. School contacts local AMTI representative. Very affordable. Two stages: Preliminary screening then Final for qualifiers.",amtionline.com,National,2-stage (Preliminary + Final),"One of India's oldest maths competitions since 1959. Known for challenging non-routine problems requiring genuine mathematical thinking. Five levels. Very popular in Tamil Nadu Karnataka and Andhra Pradesh.","mathematics, olympiad, NMTC, AMTI, class 3-12, national, non-routine, problem solving",9/10,national-mathematics-talent-contest-nmtc-2026
40,AMC — American Mathematics Competition (AMC 8 / AMC 10 / AMC 12),AMC 8/10/12,Mathematical Association of America (MAA),"Mathematics Olympiad","AMC 8: Grade 8 and below · AMC 10: Grade 10 and below · AMC 12: Grade 12",Sep 2026,Oct 2026,"Nov 2026 (AMC 8) / Feb 2027 (AMC 10/12)","Dec 2026 / Mar 2027",₹1500–₹2500 through Indian centre,"Achievement Honor Roll Distinction certificates; AIME qualification for top AMC 10/12 scorers","Through registered AMC Competition Manager (teacher/school) in India. Find Indian AMC centres at maa.org. Individual registration not permitted without a centre.",maa.org/student-programs/amc,International (USA + worldwide),AMC → AIME → USAMO/IMO (for exceptional students),Prestigious US-based maths competition series open to international students. Top scorers qualify for AIME. Gateway to elite international maths recognition. Growing in India's top private schools.,"mathematics, olympiad, AMC, American, international, class 6-12, AIME, USA, elite",9/10,american-mathematics-competition-amc-2026
41,Australian Mathematics Competition (AMC),AMC Australia,Australian Maths Trust (AMT),Mathematics Olympiad,"Class 3–12 (Years 3–12)",Apr 2026,Jul 3 2026,Aug 2026,Oct–Nov 2026,"AUD 5.50 per student (approx ₹300) through school","Prize (top 0.3%), High Distinction (top 3%), Distinction (top 20%), Credit, Proficiency, Participation certificates. State/national medals for top performers.","Through school. Teacher/coordinator registers at amt.edu.au. Individual registration not allowed. Indian schools can register directly. Paper exam at school.",amt.edu.au/amc,International (Australia + worldwide),Single level — one day globally,"Australia's longest-running school maths competition since 1978. All students receive a certificate — Participation to Prize. Very affordable. Internationally recognised certificate. Growing participation from India's top schools.","mathematics, olympiad, Australia, AMT, international, class 3-12, certificate, global, affordable",9/10,australian-mathematics-competition-amc-2026
42,CBSE Aryabhatta Ganit Challenge (AGC),AGC,CBSE,Mathematics Olympiad,"Class 8–10, CBSE schools only",Apr–May 2026,Jul 2026,Aug–Sep 2026,Oct 2026,FREE (CBSE school students),"Certificates, medals; district and national recognition","Through CBSE school. School registers students on CBSE portal. Free for all CBSE Class 8–10 students. School → District → National stages.",cbseacademic.nic.in,School → District → National,Multi-stage: School → District → National,"CBSE's official maths competition named after Aryabhatta. Completely free for CBSE students. Tests application of maths beyond textbooks. Multi-stage — best at school go to district then national.","mathematics, CBSE, AGC, Aryabhatta, olympiad, class 8-10, free, government, national",10/10,cbse-aryabhatta-ganit-challenge-agc-2026
43,International Chemistry Quiz (ICQ),ICQ,RACI (Australia) / ICHO,Chemistry Competition,"Class 11–12, all boards",Jul 2026,Aug 2026,Aug 2026,Sep 2026,₹300–₹500 through participating centre,"High Distinction Distinction Credit Participation certificates; top scorers may be considered for IChO preparation","Through registered school or chemistry teacher. Check RACI and IUPAC websites for India-participating centres. Not widely available — check with school chemistry teacher.",raci.org.au/events/icq,International,Single level — international assessment,"Australia-based international chemistry competition for Class 11–12 globally. Focuses on applied chemistry beyond textbook. Recognised internationally and good for student profiles applying to global universities.","chemistry, international, ICQ, class 11-12, Australia, RACI, higher secondary",7/10,international-chemistry-quiz-icq-2026
44,Vidhyarthi Vigyan Manthan (VVM),VVM,"Vijnana Bharati (VIBHA) + NCERT + NCSM",Science Talent Search,"Class 6–11, all boards",Aug 2026,Sep 30 2026,"Oct 28 – Nov 2 2026 (student selects date)",Nov 15 2026,₹200 per student,"State camp selection (top 120 per state), National Camp at IIT Kanpur (top 12 per state), certificates for all, merit certificates for top performers","Individual online registration at vvm.org.in. Student pays ₹200 online. Exam taken from home/school on mobile laptop or desktop. App-based. Multiple exam dates — student selects preferred date.",vvm.org.in,National → State Camp → National Camp at IIT,"4 stages: Online Exam → State Camp → National Camp (IIT Kanpur) → District Topper Recognition","India's largest online science talent search in 14+ languages. Section A: Indian Contributions to Science. Section B: General science. National camp at IIT Kanpur. The only olympiad including India's scientific heritage as a compulsory topic.","science, VVM, VIBHA, NCERT, NCSM, IIT, class 6-11, national, multilingual, online, talent search",10/10,vidhyarthi-vigyan-manthan-vvm-2026
45,Dr Homi Bhabha Balvaidnyanik Competition,DHBBC,Mumbai District Science Teachers Association (MDSTA),Science Competition,"Class 6 and Class 9 students in Maharashtra only",Jun–Jul 2026,Aug 2026,"Sep 2026 (Written) / Dec 2026 (Practical)",Jan 2027,₹50–₹100 approximately,"Medals, certificates, ₹2000–₹10000 cash prizes; prestigious recognition in Maharashtra","Through school in Maharashtra only. Contact MDSTA or Brihanmumbai Municipal Corporation (BMC). Maharashtra-specific — schools in Mumbai and surrounding districts.",mdstaindia.com,District → State (Maharashtra),Written exam → Practical exam → Viva,"One of Maharashtra's most prestigious science competitions. Named after Dr Homi Bhabha. Two stages: written exam September practical/project exam December. Extremely hands-on — students demonstrate actual science experiments.","science, Maharashtra, DHBBC, Homi Bhabha, class 6, class 9, practical, regional, Mumbai",9/10,dr-homi-bhabha-balvaidnyanik-competition-dhbbc-2026
46,Hindustan Olympiad,Hindustan Olympiad,Hindustan Olympiad Foundation,Multi-subject Olympiad,"Class 1–12",May–Jun 2026,Sep 2026,Oct–Nov 2026,Jan 2027,₹250–₹350 per subject,"Gold/Silver/Bronze medals, certificates, scholarships, state and national ranking","Through school or individual registration at hindustanolympiad.com. Subjects: Maths Science English GK.",hindustanolympiad.com,School → State → National,Single level,Growing olympiad offering Maths Science English and GK olympiads for Class 1–12. Both school and individual registration available. Results include state and national rankings.,"maths, science, english, GK, olympiad, Hindustan, class 1-12, school, national",7/10,hindustan-olympiad-2026
47,VANDA Science International Competition,VANDA,SIMCC / ICAS / Olympiads India,Science Olympiad,"Class 1–12 (Years 1–12)",Feb–Mar 2026,Apr 2026,May 2026 (online),Jun–Jul 2026,₹600–₹900 per student,"Perfect Score Award, Gold (top 8%), Silver (12%), Bronze (20%), international ranking, medal","Through Olympiads India (olympiadsindia.com) for Indian students. Individual or school registration. Online exam from home. Singapore curriculum-based questions.",olympiadsindia.com / simcc.org,International (Singapore-based 20+ countries),Single level — international ranking,"Singapore-based international science competition open to Indian students. Tests higher-order science thinking. One of the earlier international competitions in the year — exam in May. Good for international standing.","science, VANDA, Singapore, international, SIMCC, class 1-12, online, May, higher order thinking",9/10,vanda-science-international-competition-2026
48,YUVIKA — Yuva Vigyani Karyakram (ISRO Young Scientist Programme),YUVIKA,ISRO — Indian Space Research Organisation,Science / Space Residential Programme,Class 9 students only (CBSE ICSE State boards),Jan–Feb 2026,Mar 2026,"May 2026 (2-week residential programme at ISRO centres)",Apr 2026 (selection results),FREE — ISRO funds travel accommodation everything,"Residential training at ISRO centre (fully funded), ISRO certificate, interaction with ISRO scientists, hands-on space science experience","Online application through ISRO website. Essay submission + academic merit. Only 3 students selected from each state/UT. Apply at isro.gov.in/YUVIKA. Extremely competitive.",isro.gov.in/YUVIKA,National (residential at ISRO),Application → Essay + Merit selection → 2-week Residential Programme,"ISRO's prestigious residential programme for Class 9. Students spend 2 weeks at ISRO centres learning space science rocketry satellite technology from ISRO scientists. Fully funded. 3 per state — extremely competitive. Unique on any student portfolio.","ISRO, space, science, residential, class 9, free, prestigious, national, scholarship, rocketry",10/10,yuvika-yuva-vigyani-karyakram-isro-2026
49,International Reasoning and Aptitude Olympiad (IRAO),IRAO,Unicus Olympiads,Reasoning / Aptitude Olympiad,"Class 2–11",Apr–Jun 2026,Sep 2026,Oct–Nov 2026,Dec 2026,₹225 per student,"Medals, certificates, scholarships, international ranking","Individual online registration at unicusolympiads.com. School registration also available. Student appears from school or registered centre.",unicusolympiads.com,School → National → International,Single level,Reasoning and aptitude olympiad by Unicus for Class 2–11. Tests logical reasoning spatial reasoning analytical thinking. Individual registration available. Good for competitive exam preparation.,"reasoning, aptitude, olympiad, Unicus, class 2-11, logical, analytical, individual registration",8/10,international-reasoning-aptitude-olympiad-irao-2026
50,International Social Studies Olympiad — Silverzone (ISSO),ISSO-Silverzone,Silverzone Foundation,Social Studies Olympiad,"Class 3–10",May–Jun 2026,Aug 2026,Oct–Nov 2026,Jan 2027,₹225 per student,"Gold/Silver/Bronze medals, certificates, cash prizes","Through school or individual registration at silverzone.org.",silverzone.org,School → National,Single level,Social Studies olympiad by Silverzone covering History Geography Civics Economics. Individual registration available — accessible to students whose schools aren't registered with Silverzone.,"social studies, history, geography, olympiad, Silverzone, class 3-10, school",8/10,international-social-studies-olympiad-isso-silverzone-2026
51,KAMP — NCSM Science Activity Programme (NASTA),KAMP / NASTA,National Council of Science Museums (NCSM),Science Activity / Innovation,"Class 6–10",Jun–Jul 2026,Aug 2026,"Sep–Oct 2026 (district level)",Nov 2026,Nominal — varies by state,"Trophies, certificates, science exposure; national camp for top performers","Through school or district education office. Contact nearest NCSM science centre. Available through government and aided schools.",ncsm.gov.in,District → State → National,Multi-stage activity competition,NCSM's science activity competition promoting hands-on science. Students build and demonstrate models and projects. Government-supported. Different from paper-based olympiads — practical science focus.,"science, activity, innovation, NCSM, KAMP, NASTA, class 6-10, practical, government, national",7/10,kamp-nasta-ncsm-science-activity-2026
